Symbol,Date,Open,High,Low,Close,Volume
ICICIBANK.BSE,2020-12-31,530.0,538.4,526.65,534.8,861449.0
ICICIBANK.BSE,2020-12-30,532.6,532.85,524.6,528.45,866108.0
ICICIBANK.BSE,2020-12-29,522.8,530.8,517.75,528.95,1420678.0
ICICIBANK.BSE,2020-12-28,516.45,521.15,514.05,520.2,869004.0
ICICIBANK.BSE,2020-12-24,507.2,515.9,506.1,513.65,851689.0
ICICIBANK.BSE,2020-12-23,499.0,505.4,496.3,503.6,976991.0
ICICIBANK.BSE,2020-12-22,495.1,501.75,489.0,500.5,900684.0
ICICIBANK.BSE,2020-12-21,515.4,515.4,488.3,494.35,1103015.0
ICICIBANK.BSE,2020-12-18,514.7,518.2,509.35,517.05,850294.0
ICICIBANK.BSE,2020-12-17,514.0,516.45,509.05,509.9,776704.0
ICICIBANK.BSE,2020-12-16,520.8,521.35,511.1,512.25,634935.0
ICICIBANK.BSE,2020-12-15,524.9,524.9,513.15,517.9,1440293.0
ICICIBANK.BSE,2020-12-14,517.25,527.9,517.25,525.85,1667240.0
ICICIBANK.BSE,2020-12-11,508.5,516.9,506.15,515.2,1201141.0
ICICIBANK.BSE,2020-12-10,508.5,514.4,498.8,506.95,1011151.0
ICICIBANK.BSE,2020-12-09,511.4,514.95,506.1,511.3,901211.0
ICICIBANK.BSE,2020-12-08,511.7,511.7,505.3,508.5,1033896.0
ICICIBANK.BSE,2020-12-07,504.1,515.5,504.1,510.65,1609886.0
ICICIBANK.BSE,2020-12-04,484.45,504.0,483.1,502.15,2357211.0
ICICIBANK.BSE,2020-12-03,481.7,484.8,479.0,481.9,1980461.0
ICICIBANK.BSE,2020-12-02,487.0,487.0,472.2,480.45,856788.0
ICICIBANK.BSE,2020-12-01,483.0,488.5,474.15,485.25,525524.0
ICICIBANK.BSE,2020-11-27,475.6,479.3,471.0,472.8,1424943.0
ICICIBANK.BSE,2020-11-26,474.2,477.05,465.95,475.4,884248.0
ICICIBANK.BSE,2020-11-25,483.0,489.8,471.3,472.65,1865224.0
ICICIBANK.BSE,2020-11-24,473.1,479.7,471.15,478.3,1376691.0
ICICIBANK.BSE,2020-11-23,480.4,483.2,466.6,468.3,1300868.0
ICICIBANK.BSE,2020-11-20,478.65,483.25,468.3,480.2,1097187.0
ICICIBANK.BSE,2020-11-19,490.0,493.25,476.0,478.35,982908.0
ICICIBANK.BSE,2020-11-18,489.0,499.0,486.65,497.45,1249127.0
ICICIBANK.BSE,2020-11-17,487.0,493.15,478.45,486.2,1176606.0
ICICIBANK.BSE,2020-11-13,473.5,486.8,467.7,485.4,1820162.0
ICICIBANK.BSE,2020-11-12,481.0,483.4,471.6,476.3,976338.0
ICICIBANK.BSE,2020-11-11,484.5,490.5,472.25,486.5,2474890.0
ICICIBANK.BSE,2020-11-10,484.25,486.5,472.8,483.9,2300829.0
ICICIBANK.BSE,2020-11-09,449.2,464.65,449.15,462.7,2182652.0
ICICIBANK.BSE,2020-11-06,439.95,444.9,436.4,443.1,1508681.0
ICICIBANK.BSE,2020-11-05,444.0,445.5,435.65,438.3,1536714.0
ICICIBANK.BSE,2020-11-04,436.0,442.1,425.15,437.25,1810742.0
ICICIBANK.BSE,2020-11-03,424.2,447.0,424.1,444.25,1948570.0
ICICIBANK.BSE,2020-11-02,417.95,422.85,407.2,417.1,2489034.0
ICICIBANK.BSE,2020-10-30,400.7,402.85,388.1,392.55,1062794.0
ICICIBANK.BSE,2020-10-29,391.6,401.9,389.6,399.9,1124281.0
ICICIBANK.BSE,2020-10-28,412.5,412.5,395.0,396.15,1400235.0
ICICIBANK.BSE,2020-10-27,404.55,412.25,393.0,409.85,1081231.0
ICICIBANK.BSE,2020-10-26,417.55,418.95,401.5,404.95,562727.0
ICICIBANK.BSE,2020-10-23,416.2,420.55,411.6,416.85,754528.0
ICICIBANK.BSE,2020-10-22,416.9,419.45,407.7,412.95,790858.0
ICICIBANK.BSE,2020-10-21,416.0,428.25,410.4,420.35,1058131.0
ICICIBANK.BSE,2020-10-20,413.95,416.85,410.8,414.55,627993.0
ICICIBANK.BSE,2020-10-19,400.1,418.7,400.1,417.05,1261923.0
ICICIBANK.BSE,2020-10-16,394.2,401.3,390.55,395.95,574078.0
ICICIBANK.BSE,2020-10-15,407.0,409.85,389.2,390.9,1838244.0
ICICIBANK.BSE,2020-10-14,394.15,409.0,389.0,406.8,555137.0
ICICIBANK.BSE,2020-10-13,401.6,401.6,393.55,396.15,470963.0
ICICIBANK.BSE,2020-10-12,404.25,409.95,400.55,403.85,1275912.0
ICICIBANK.BSE,2020-10-09,388.6,403.5,386.8,401.65,2517750.0
ICICIBANK.BSE,2020-10-08,385.0,389.6,382.75,387.55,1221438.0
ICICIBANK.BSE,2020-10-07,379.9,384.2,374.15,382.95,529587.0
ICICIBANK.BSE,2020-10-06,376.5,381.6,375.05,380.45,903288.0
ICICIBANK.BSE,2020-10-05,370.95,382.45,370.95,373.15,737885.0
ICICIBANK.BSE,2020-10-01,357.5,370.95,357.5,369.15,1541845.0
ICICIBANK.BSE,2020-09-30,357.05,357.35,349.5,354.9,1027905.0
ICICIBANK.BSE,2020-09-29,364.4,364.4,354.25,356.95,383530.0
ICICIBANK.BSE,2020-09-28,351.9,363.95,349.2,362.9,654354.0
ICICIBANK.BSE,2020-09-25,338.1,350.4,336.55,348.5,898056.0
ICICIBANK.BSE,2020-09-24,345.55,347.2,334.0,335.8,587000.0
ICICIBANK.BSE,2020-09-23,356.65,357.2,342.45,351.7,845708.0
ICICIBANK.BSE,2020-09-22,353.25,356.0,349.4,354.5,1501006.0
ICICIBANK.BSE,2020-09-21,366.25,368.65,349.25,350.85,1148246.0
ICICIBANK.BSE,2020-09-18,370.85,374.6,364.8,369.9,1395389.0
ICICIBANK.BSE,2020-09-17,369.5,371.5,367.4,368.9,561654.0
ICICIBANK.BSE,2020-09-16,372.7,376.75,365.0,374.75,523366.0
ICICIBANK.BSE,2020-09-15,363.65,372.0,363.65,371.45,768631.0
ICICIBANK.BSE,2020-09-14,373.0,373.9,359.6,363.65,665867.0
ICICIBANK.BSE,2020-09-11,372.5,373.9,365.1,370.15,1133788.0
ICICIBANK.BSE,2020-09-10,372.0,375.0,365.55,370.45,1498817.0
ICICIBANK.BSE,2020-09-09,369.3,372.35,362.1,367.75,955546.0
ICICIBANK.BSE,2020-09-08,371.55,381.1,369.8,375.9,1430442.0
ICICIBANK.BSE,2020-09-07,373.3,376.65,369.1,373.25,1203729.0
ICICIBANK.BSE,2020-09-04,373.1,379.3,368.7,372.8,1475108.0
ICICIBANK.BSE,2020-09-03,392.8,392.8,381.3,382.75,563957.0
ICICIBANK.BSE,2020-09-02,386.0,393.8,381.15,392.25,1322386.0
ICICIBANK.BSE,2020-09-01,394.15,399.6,385.25,391.1,1984081.0
ICICIBANK.BSE,2020-08-31,415.0,422.05,387.25,395.0,3127041.0
ICICIBANK.BSE,2020-08-28,394.0,411.65,393.25,409.75,3676950.0
ICICIBANK.BSE,2020-08-27,391.0,397.4,388.2,392.45,1131048.0
ICICIBANK.BSE,2020-08-26,387.0,391.5,384.2,389.35,1732119.0
ICICIBANK.BSE,2020-08-25,382.0,389.9,381.8,386.2,1634892.0
ICICIBANK.BSE,2020-08-24,373.0,381.05,373.0,380.2,1.186726E7
ICICIBANK.BSE,2020-08-21,369.55,373.0,367.1,371.15,1700101.0
ICICIBANK.BSE,2020-08-20,366.3,369.65,362.55,367.9,1453519.0
ICICIBANK.BSE,2020-08-19,373.7,375.7,370.4,374.35,1120174.0
ICICIBANK.BSE,2020-08-18,361.1,369.95,361.1,369.4,1903781.0
ICICIBANK.BSE,2020-08-17,366.1,367.15,354.45,360.25,1316144.0
ICICIBANK.BSE,2020-08-14,371.4,371.75,354.4,361.45,1864622.0
ICICIBANK.BSE,2020-08-13,367.75,372.15,366.15,367.9,891195.0
ICICIBANK.BSE,2020-08-12,365.0,368.75,363.55,366.8,2853967.0
ICICIBANK.BSE,2020-08-11,369.1,374.15,364.5,367.4,2684989.0
ICICIBANK.BSE,2020-08-10,359.0,364.95,357.55,363.6,602687.0
ICICIBANK.BSE,2020-08-07,359.2,359.5,351.0,357.85,1146425.0
ICICIBANK.BSE,2020-08-06,352.5,363.65,348.7,359.15,1479588.0
ICICIBANK.BSE,2020-08-05,354.2,359.85,350.85,352.2,2414666.0
ICICIBANK.BSE,2020-08-04,346.4,353.0,344.0,351.05,1756798.0
ICICIBANK.BSE,2020-08-03,347.0,349.3,340.6,343.4,2216436.0
ICICIBANK.BSE,2020-07-31,345.55,352.9,341.95,346.9,1920230.0
ICICIBANK.BSE,2020-07-30,352.65,354.45,340.5,345.05,1203636.0
ICICIBANK.BSE,2020-07-29,353.1,357.7,348.6,350.95,1632205.0
ICICIBANK.BSE,2020-07-28,361.4,362.85,343.3,351.9,3179955.0
ICICIBANK.BSE,2020-07-27,388.8,388.8,356.65,358.5,3633641.0
ICICIBANK.BSE,2020-07-24,388.2,389.0,372.15,381.85,2437511.0
ICICIBANK.BSE,2020-07-23,382.7,395.5,378.85,392.3,2529698.0
ICICIBANK.BSE,2020-07-22,385.8,389.4,375.4,381.1,2827065.0
ICICIBANK.BSE,2020-07-21,370.55,379.9,370.0,378.85,1598168.0
ICICIBANK.BSE,2020-07-20,358.1,366.15,355.5,362.85,2214407.0
ICICIBANK.BSE,2020-07-17,345.5,356.0,345.5,353.85,1376596.0
ICICIBANK.BSE,2020-07-16,347.1,348.45,341.0,344.75,707338.0
ICICIBANK.BSE,2020-07-15,348.0,356.5,343.8,345.75,1294879.0
ICICIBANK.BSE,2020-07-14,352.0,352.4,340.8,345.6,932508.0
ICICIBANK.BSE,2020-07-13,364.6,367.0,352.5,353.55,911380.0
ICICIBANK.BSE,2020-07-10,364.85,368.2,359.0,360.35,1306864.0
ICICIBANK.BSE,2020-07-09,373.8,376.05,365.35,370.55,1059889.0
ICICIBANK.BSE,2020-07-08,378.7,378.95,367.6,368.9,1637900.0
ICICIBANK.BSE,2020-07-07,362.2,377.6,362.2,375.7,1497019.0
ICICIBANK.BSE,2020-07-06,368.0,368.0,360.65,361.8,1050689.0
ICICIBANK.BSE,2020-07-03,365.0,368.4,359.85,361.0,798737.0
ICICIBANK.BSE,2020-07-02,365.1,370.75,361.3,362.7,1163245.0
ICICIBANK.BSE,2020-07-01,355.0,365.75,351.6,363.95,2175826.0
ICICIBANK.BSE,2020-06-30,346.0,354.35,346.0,351.45,1727279.0
ICICIBANK.BSE,2020-06-29,346.0,346.0,338.5,343.15,1086806.0
ICICIBANK.BSE,2020-06-26,356.4,358.4,346.1,349.0,1858142.0
ICICIBANK.BSE,2020-06-25,340.05,355.55,338.55,351.15,3128306.0
ICICIBANK.BSE,2020-06-24,379.15,380.0,345.0,348.4,2071990.0
ICICIBANK.BSE,2020-06-23,370.5,378.2,364.1,376.05,1801167.0
ICICIBANK.BSE,2020-06-22,366.0,375.25,365.35,367.8,2563347.0
ICICIBANK.BSE,2020-06-19,351.5,365.2,349.25,363.9,2655225.0
ICICIBANK.BSE,2020-06-18,340.0,354.55,337.25,352.0,1978976.0
ICICIBANK.BSE,2020-06-17,338.5,350.85,335.9,342.15,1394244.0
ICICIBANK.BSE,2020-06-16,341.6,347.85,326.55,342.8,2010363.0
ICICIBANK.BSE,2020-06-15,341.75,341.75,325.4,330.9,1871666.0
ICICIBANK.BSE,2020-06-12,323.2,346.1,323.2,344.25,1572761.0
ICICIBANK.BSE,2020-06-11,352.2,354.2,340.1,341.15,1232322.0
ICICIBANK.BSE,2020-06-10,349.0,356.7,345.4,353.4,1229912.0
ICICIBANK.BSE,2020-06-09,360.75,369.1,345.2,348.75,1459958.0
ICICIBANK.BSE,2020-06-08,365.1,373.85,353.3,360.1,1895667.0
ICICIBANK.BSE,2020-06-05,349.9,360.0,347.1,357.25,1199877.0
ICICIBANK.BSE,2020-06-04,355.4,363.0,345.45,347.85,1831626.0
ICICIBANK.BSE,2020-06-03,356.3,372.95,353.7,356.65,2132167.0
ICICIBANK.BSE,2020-06-02,337.1,350.0,332.45,348.5,1659289.0
ICICIBANK.BSE,2020-06-01,338.2,348.0,336.35,339.0,1691066.0
ICICIBANK.BSE,2020-05-29,323.05,334.2,320.0,332.1,3607234.0
ICICIBANK.BSE,2020-05-28,322.9,329.7,321.0,326.75,1827449.0
ICICIBANK.BSE,2020-05-27,295.85,321.8,295.05,318.8,2369853.0
ICICIBANK.BSE,2020-05-26,295.4,297.8,290.0,292.55,1162197.0
ICICIBANK.BSE,2020-05-22,301.35,307.5,285.7,291.2,2544460.0
ICICIBANK.BSE,2020-05-21,306.8,312.8,302.1,304.35,1304984.0
ICICIBANK.BSE,2020-05-20,298.0,308.15,298.0,306.1,1383114.0
ICICIBANK.BSE,2020-05-19,305.5,311.7,297.15,300.4,1835332.0
ICICIBANK.BSE,2020-05-18,320.9,320.9,293.5,298.65,2359301.0
ICICIBANK.BSE,2020-05-15,329.7,330.45,318.8,322.65,911432.0
ICICIBANK.BSE,2020-05-14,331.0,334.4,325.75,327.45,1384813.0
ICICIBANK.BSE,2020-05-13,344.4,348.4,332.4,337.6,2881324.0
ICICIBANK.BSE,2020-05-12,319.85,324.5,308.15,321.4,2139610.0
ICICIBANK.BSE,2020-05-11,344.9,344.9,318.15,320.1,3216480.0
ICICIBANK.BSE,2020-05-08,344.0,352.5,333.75,337.75,1558394.0
ICICIBANK.BSE,2020-05-07,337.95,342.85,334.1,336.75,742760.0
ICICIBANK.BSE,2020-05-06,330.0,345.4,325.3,341.4,1305155.0
ICICIBANK.BSE,2020-05-05,348.0,348.3,329.65,330.85,2240054.0
ICICIBANK.BSE,2020-05-04,361.4,361.4,336.05,338.25,1510994.0
ICICIBANK.BSE,2020-04-30,380.4,392.8,374.4,379.9,1243132.0
ICICIBANK.BSE,2020-04-29,354.8,376.4,351.75,370.25,1386192.0
ICICIBANK.BSE,2020-04-28,353.7,362.75,350.3,359.7,1173070.0
ICICIBANK.BSE,2020-04-27,339.1,352.8,338.3,347.75,1232276.0
ICICIBANK.BSE,2020-04-24,339.4,343.05,331.65,334.85,1603973.0
ICICIBANK.BSE,2020-04-23,338.3,354.6,338.3,352.8,2045507.0
ICICIBANK.BSE,2020-04-22,327.4,338.0,323.0,336.1,2655360.0
ICICIBANK.BSE,2020-04-21,340.0,346.3,328.25,331.55,3916196.0
ICICIBANK.BSE,2020-04-20,377.4,378.9,357.2,361.5,1991220.0
ICICIBANK.BSE,2020-04-17,358.0,389.7,349.1,375.95,2957997.0
ICICIBANK.BSE,2020-04-16,325.0,347.6,319.35,342.1,2083365.0
ICICIBANK.BSE,2020-04-15,341.05,351.9,325.05,327.3,2649299.0
ICICIBANK.BSE,2020-04-13,339.95,345.8,329.45,330.85,1487482.0
ICICIBANK.BSE,2020-04-09,330.0,344.95,322.7,342.65,1910143.0
ICICIBANK.BSE,2020-04-08,320.0,352.5,315.2,319.0,3516331.0
ICICIBANK.BSE,2020-04-07,306.3,329.45,296.95,326.1,2360529.0
ICICIBANK.BSE,2020-04-03,311.0,311.0,281.6,286.5,1967226.0
ICICIBANK.BSE,2020-04-01,320.0,323.45,308.3,311.45,2295791.0
ICICIBANK.BSE,2020-03-31,325.0,334.9,316.05,324.5,2116476.0
ICICIBANK.BSE,2020-03-30,329.95,333.7,311.5,314.0,1782405.0
ICICIBANK.BSE,2020-03-27,355.0,359.5,326.5,340.1,3593669.0
ICICIBANK.BSE,2020-03-26,325.0,364.7,314.75,332.0,2959137.0
ICICIBANK.BSE,2020-03-25,287.0,330.35,281.55,317.15,2475612.0
ICICIBANK.BSE,2020-03-24,298.0,306.4,269.0,296.6,2260268.0
ICICIBANK.BSE,2020-03-23,311.15,325.0,280.0,283.9,2485269.0
ICICIBANK.BSE,2020-03-20,332.0,359.85,323.1,345.7,2629568.0
ICICIBANK.BSE,2020-03-19,337.7,369.5,323.0,339.15,2328346.0
ICICIBANK.BSE,2020-03-18,368.8,375.3,342.1,356.0,2274224.0
ICICIBANK.BSE,2020-03-17,405.0,410.05,364.05,366.85,2152611.0
ICICIBANK.BSE,2020-03-16,429.8,429.8,397.75,402.9,1441816.0
ICICIBANK.BSE,2020-03-13,397.0,464.55,395.35,447.45,2121171.0
ICICIBANK.BSE,2020-03-12,440.0,445.75,416.1,425.0,1812610.0
ICICIBANK.BSE,2020-03-11,456.0,471.65,450.1,465.4,1069546.0
ICICIBANK.BSE,2020-03-09,476.0,476.0,443.0,457.15,911631.0
ICICIBANK.BSE,2020-03-06,487.9,496.75,477.05,486.25,704759.0
ICICIBANK.BSE,2020-03-05,512.0,512.0,500.05,504.75,744912.0
ICICIBANK.BSE,2020-03-04,516.2,517.4,497.05,508.5,982943.0
ICICIBANK.BSE,2020-03-03,514.9,519.6,508.6,516.45,960706.0
ICICIBANK.BSE,2020-03-02,505.2,520.0,498.6,505.6,766464.0
ICICIBANK.BSE,2020-02-28,505.0,505.2,493.4,496.05,611033.0
ICICIBANK.BSE,2020-02-27,524.9,524.9,512.85,514.95,341328.0
ICICIBANK.BSE,2020-02-26,528.8,529.2,522.1,523.65,357721.0
ICICIBANK.BSE,2020-02-25,531.55,538.75,525.5,531.2,551127.0
ICICIBANK.BSE,2020-02-24,541.0,541.0,527.7,529.55,346126.0
ICICIBANK.BSE,2020-02-20,547.0,549.1,542.2,546.65,231306.0
ICICIBANK.BSE,2020-02-19,543.9,546.6,540.8,544.75,187883.0
ICICIBANK.BSE,2020-02-18,541.0,543.15,536.15,541.3,351321.0
ICICIBANK.BSE,2020-02-17,541.5,545.3,538.05,541.75,340569.0
ICICIBANK.BSE,2020-02-14,542.0,548.7,536.7,545.85,730266.0
ICICIBANK.BSE,2020-02-13,550.0,550.0,537.65,541.0,281840.0
ICICIBANK.BSE,2020-02-12,541.55,550.45,541.55,549.3,574534.0
ICICIBANK.BSE,2020-02-11,534.6,544.8,534.6,539.85,1859473.0
ICICIBANK.BSE,2020-02-10,537.1,542.05,530.45,533.9,8651899.0
ICICIBANK.BSE,2020-02-07,546.0,546.0,535.05,536.4,6846532.0
ICICIBANK.BSE,2020-02-06,539.9,546.9,536.2,541.65,1822740.0
ICICIBANK.BSE,2020-02-05,530.6,540.0,526.0,538.9,4732141.0
ICICIBANK.BSE,2020-02-04,520.55,534.5,516.8,530.6,6884253.0
ICICIBANK.BSE,2020-02-03,504.75,518.8,502.0,515.6,482256.0
ICICIBANK.BSE,2020-01-31,531.9,532.75,522.5,525.55,500844.0
ICICIBANK.BSE,2020-01-30,529.8,533.8,524.2,532.3,635059.0
ICICIBANK.BSE,2020-01-29,531.0,534.8,525.3,526.45,1429833.0
ICICIBANK.BSE,2020-01-28,538.8,540.5,524.4,528.15,652541.0
ICICIBANK.BSE,2020-01-27,540.0,545.1,531.8,536.35,2098312.0
ICICIBANK.BSE,2020-01-24,528.05,537.1,527.2,533.95,693868.0
ICICIBANK.BSE,2020-01-23,522.5,530.15,517.4,527.7,638299.0
ICICIBANK.BSE,2020-01-22,534.7,534.9,521.05,523.0,508770.0
ICICIBANK.BSE,2020-01-21,534.85,540.4,530.3,531.0,446563.0
ICICIBANK.BSE,2020-01-20,535.0,543.95,531.5,534.85,339426.0
ICICIBANK.BSE,2020-01-17,537.0,537.9,530.3,530.9,3212582.0
ICICIBANK.BSE,2020-01-16,534.9,540.2,532.0,537.0,509472.0
ICICIBANK.BSE,2020-01-15,535.0,537.05,530.65,535.4,664076.0
ICICIBANK.BSE,2020-01-14,537.6,538.8,534.45,537.45,796694.0
ICICIBANK.BSE,2020-01-13,541.4,545.9,538.0,538.55,467883.0
ICICIBANK.BSE,2020-01-10,545.4,546.45,538.5,540.25,7467791.0
ICICIBANK.BSE,2020-01-09,532.0,547.45,530.7,546.3,1699565.0
ICICIBANK.BSE,2020-01-08,515.5,527.0,515.0,525.85,570604.0
ICICIBANK.BSE,2020-01-07,530.1,535.5,520.05,520.7,2010164.0
ICICIBANK.BSE,2020-01-06,537.85,537.85,523.95,525.65,486437.0
ICICIBANK.BSE,2020-01-03,538.7,540.9,536.4,538.75,1227512.0
ICICIBANK.BSE,2020-01-02,536.8,542.0,535.95,540.7,574736.0
ICICIBANK.BSE,2020-01-01,539.2,542.6,535.7,536.8,180042.0
ICICIBANK.BSE,2019-12-31,544.1,544.1,538.1,538.75,516462.0
ICICIBANK.BSE,2019-12-30,549.4,552.4,542.8,543.95,374700.0
ICICIBANK.BSE,2019-12-27,540.0,550.5,538.3,549.4,970051.0
ICICIBANK.BSE,2019-12-26,541.5,542.3,537.7,539.0,303264.0
ICICIBANK.BSE,2019-12-24,541.7,543.7,539.5,541.05,188733.0
ICICIBANK.BSE,2019-12-23,546.0,549.0,537.75,541.45,318946.0
ICICIBANK.BSE,2019-12-20,541.8,549.5,540.0,545.85,438351.0
ICICIBANK.BSE,2019-12-19,540.0,541.05,533.7,540.0,389348.0
ICICIBANK.BSE,2019-12-18,542.8,543.0,535.95,541.6,249069.0
ICICIBANK.BSE,2019-12-17,539.6,543.15,538.9,541.15,201832.0
ICICIBANK.BSE,2019-12-16,539.8,541.25,536.8,538.9,398905.0
ICICIBANK.BSE,2019-12-13,536.5,542.6,535.75,537.4,554166.0
ICICIBANK.BSE,2019-12-12,535.0,536.95,529.75,535.05,556424.0
ICICIBANK.BSE,2019-12-11,529.8,535.15,527.25,533.6,554700.0
ICICIBANK.BSE,2019-12-10,526.9,530.0,524.8,529.15,367771.0
ICICIBANK.BSE,2019-12-09,524.9,529.25,522.4,526.6,352561.0
ICICIBANK.BSE,2019-12-06,530.4,533.6,521.65,524.75,410617.0
ICICIBANK.BSE,2019-12-05,533.0,537.3,526.2,527.9,1042840.0
ICICIBANK.BSE,2019-12-04,510.0,531.35,509.55,529.35,1307862.0
ICICIBANK.BSE,2019-12-03,508.0,511.25,504.8,509.0,470991.0
ICICIBANK.BSE,2019-12-02,514.0,514.0,507.4,510.85,378433.0
ICICIBANK.BSE,2019-11-29,516.9,516.9,510.4,511.95,442343.0
ICICIBANK.BSE,2019-11-28,508.6,520.0,508.15,519.2,1945449.0
ICICIBANK.BSE,2019-11-27,514.5,516.05,504.35,505.65,982750.0
ICICIBANK.BSE,2019-11-26,501.8,517.5,500.95,511.1,1550861.0
ICICIBANK.BSE,2019-11-25,492.95,500.0,491.7,498.05,366421.0
ICICIBANK.BSE,2019-11-22,501.7,501.7,492.05,496.75,849969.0
ICICIBANK.BSE,2019-11-21,497.0,503.7,491.25,498.25,498413.0
ICICIBANK.BSE,2019-11-20,496.5,497.95,492.6,494.9,363073.0
ICICIBANK.BSE,2019-11-19,498.9,502.0,489.8,493.15,573097.0
ICICIBANK.BSE,2019-11-18,499.3,504.5,496.6,498.25,394836.0
ICICIBANK.BSE,2019-11-15,499.0,509.6,496.75,499.3,1093930.0
ICICIBANK.BSE,2019-11-14,490.3,499.9,483.55,498.75,1107801.0
ICICIBANK.BSE,2019-11-13,496.8,497.45,483.35,485.8,635723.0
ICICIBANK.BSE,2019-11-11,487.9,499.35,484.6,496.95,536234.0
ICICIBANK.BSE,2019-11-08,480.0,495.9,480.0,489.45,1245272.0
ICICIBANK.BSE,2019-11-07,483.0,483.0,475.7,478.7,592658.0
ICICIBANK.BSE,2019-11-06,468.25,483.9,464.7,480.6,749862.0
ICICIBANK.BSE,2019-11-05,472.35,474.0,466.8,468.25,736265.0
ICICIBANK.BSE,2019-11-04,462.6,472.15,462.6,470.35,484849.0
ICICIBANK.BSE,2019-11-01,466.9,467.3,460.4,462.1,1754792.0
ICICIBANK.BSE,2019-10-31,474.5,476.95,461.3,462.85,5397586.0
ICICIBANK.BSE,2019-10-30,479.0,480.0,470.05,471.05,929097.0
ICICIBANK.BSE,2019-10-29,470.0,481.95,467.0,477.55,1923000.0
ICICIBANK.BSE,2019-10-25,457.6,470.7,454.65,469.1,1506846.0
ICICIBANK.BSE,2019-10-24,456.5,458.8,451.05,454.65,1257503.0
ICICIBANK.BSE,2019-10-23,453.4,459.75,448.2,455.65,1012827.0
ICICIBANK.BSE,2019-10-22,439.0,458.75,437.9,451.15,1155400.0
ICICIBANK.BSE,2019-10-18,438.4,443.55,435.35,437.75,515653.0
ICICIBANK.BSE,2019-10-17,435.3,443.25,433.75,440.55,492646.0
ICICIBANK.BSE,2019-10-16,434.1,439.6,431.0,435.3,446614.0
ICICIBANK.BSE,2019-10-15,430.0,435.3,428.0,431.7,380690.0
ICICIBANK.BSE,2019-10-14,430.0,436.35,426.1,428.6,699316.0
ICICIBANK.BSE,2019-10-11,429.4,433.3,422.15,428.4,623567.0
ICICIBANK.BSE,2019-10-10,431.7,431.7,420.3,423.7,759328.0
ICICIBANK.BSE,2019-10-09,418.0,438.4,417.4,436.6,1345637.0
ICICIBANK.BSE,2019-10-07,416.75,423.6,411.6,416.3,906677.0
ICICIBANK.BSE,2019-10-04,429.9,430.0,412.3,413.75,882431.0
ICICIBANK.BSE,2019-10-03,422.5,434.05,422.5,427.3,878005.0
ICICIBANK.BSE,2019-10-01,436.9,443.1,416.5,424.55,1551684.0
ICICIBANK.BSE,2019-09-30,445.75,445.75,431.15,433.4,3021074.0
ICICIBANK.BSE,2019-09-27,449.8,451.75,443.75,449.15,702108.0
ICICIBANK.BSE,2019-09-26,437.25,458.45,436.5,452.05,1917849.0
ICICIBANK.BSE,2019-09-25,440.0,440.2,429.7,434.45,1068558.0
ICICIBANK.BSE,2019-09-24,443.0,448.55,433.35,440.85,934280.0
ICICIBANK.BSE,2019-09-23,432.0,450.0,420.95,445.2,3738608.0
ICICIBANK.BSE,2019-09-20,388.3,423.9,386.65,417.35,2814225.0
ICICIBANK.BSE,2019-09-19,396.0,396.1,384.6,386.55,1255036.0
ICICIBANK.BSE,2019-09-18,404.9,404.9,396.7,399.15,1635351.0
ICICIBANK.BSE,2019-09-17,406.85,411.85,398.35,400.6,571597.0
ICICIBANK.BSE,2019-09-16,409.6,415.75,406.9,411.95,636767.0
ICICIBANK.BSE,2019-09-13,407.8,414.8,400.8,413.25,947216.0
ICICIBANK.BSE,2019-09-12,398.0,407.05,398.0,402.75,838402.0
ICICIBANK.BSE,2019-09-11,395.95,399.1,393.35,394.35,429027.0
ICICIBANK.BSE,2019-09-09,392.05,400.3,389.5,394.45,1506832.0
ICICIBANK.BSE,2019-09-06,391.9,394.5,389.2,391.5,826329.0
ICICIBANK.BSE,2019-09-05,389.7,393.9,388.1,388.9,916877.0
ICICIBANK.BSE,2019-09-04,390.0,399.6,390.0,397.5,1177484.0
ICICIBANK.BSE,2019-09-03,407.95,407.95,391.05,392.15,1038369.0
ICICIBANK.BSE,2019-08-30,408.4,412.8,402.8,410.4,706386.0
ICICIBANK.BSE,2019-08-29,411.7,411.7,399.5,404.7,859264.0
ICICIBANK.BSE,2019-08-28,418.9,418.9,409.8,413.05,273051.0
ICICIBANK.BSE,2019-08-27,413.7,420.4,411.6,418.7,802061.0
ICICIBANK.BSE,2019-08-26,408.6,413.5,393.0,411.95,777758.0
ICICIBANK.BSE,2019-08-23,390.0,403.0,385.8,395.75,2095991.0
ICICIBANK.BSE,2019-08-22,411.2,412.4,397.9,399.15,925741.0
ICICIBANK.BSE,2019-08-21,414.35,418.85,410.75,412.2,534561.0
ICICIBANK.BSE,2019-08-20,421.6,423.0,412.7,417.15,633944.0
ICICIBANK.BSE,2019-08-19,421.0,427.6,420.3,423.4,390115.0
ICICIBANK.BSE,2019-08-16,417.15,420.05,412.2,419.15,568793.0
ICICIBANK.BSE,2019-08-14,413.8,422.2,411.75,417.35,576086.0
ICICIBANK.BSE,2019-08-13,419.5,421.8,409.25,410.5,1018773.0
ICICIBANK.BSE,2019-08-09,416.0,422.4,414.6,420.4,1004451.0
ICICIBANK.BSE,2019-08-08,412.0,416.55,404.2,414.6,3043761.0
ICICIBANK.BSE,2019-08-07,409.0,415.0,406.45,408.4,1323359.0
ICICIBANK.BSE,2019-08-06,400.6,411.55,400.6,410.4,1896873.0
ICICIBANK.BSE,2019-08-05,403.5,406.25,396.0,402.6,3674004.0
ICICIBANK.BSE,2019-08-02,414.8,418.0,405.5,410.75,2670096.0
ICICIBANK.BSE,2019-08-01,423.7,426.2,410.8,417.15,1634613.0
ICICIBANK.BSE,2019-07-31,423.0,430.25,421.4,424.5,6241094.0
ICICIBANK.BSE,2019-07-30,430.8,438.75,422.8,424.95,899925.0
ICICIBANK.BSE,2019-07-29,432.5,434.7,425.5,429.3,3534085.0
ICICIBANK.BSE,2019-07-26,409.3,419.4,408.7,415.5,797930.0
ICICIBANK.BSE,2019-07-25,410.1,413.95,405.3,409.05,727187.0
ICICIBANK.BSE,2019-07-24,412.25,412.5,401.9,408.55,591818.0
ICICIBANK.BSE,2019-07-23,413.45,416.0,409.8,412.25,537790.0
ICICIBANK.BSE,2019-07-22,410.8,413.15,404.2,411.7,585769.0
ICICIBANK.BSE,2019-07-19,419.5,420.05,408.55,410.1,1758980.0
ICICIBANK.BSE,2019-07-18,425.8,425.9,417.7,418.7,697048.0
ICICIBANK.BSE,2019-07-17,424.05,426.9,422.65,424.7,535222.0
ICICIBANK.BSE,2019-07-16,422.0,430.4,421.2,424.55,2614158.0
ICICIBANK.BSE,2019-07-15,427.45,428.3,421.75,422.4,460987.0
ICICIBANK.BSE,2019-07-12,426.7,432.5,423.9,427.05,360772.0
ICICIBANK.BSE,2019-07-11,431.35,432.8,425.0,426.7,323567.0
ICICIBANK.BSE,2019-07-10,429.15,432.8,427.3,430.95,969273.0
ICICIBANK.BSE,2019-07-09,429.85,429.85,424.8,428.65,348695.0
ICICIBANK.BSE,2019-07-08,434.5,435.0,422.35,425.9,561500.0
ICICIBANK.BSE,2019-07-05,436.2,439.85,432.95,436.25,1028726.0
ICICIBANK.BSE,2019-07-04,436.1,441.4,434.1,435.95,257994.0
ICICIBANK.BSE,2019-07-03,437.15,440.1,434.3,436.0,198559.0
ICICIBANK.BSE,2019-07-02,439.9,439.9,433.7,436.8,186156.0
ICICIBANK.BSE,2019-07-01,439.7,441.95,437.55,438.65,265619.0
ICICIBANK.BSE,2019-06-28,439.8,440.55,433.65,437.25,260715.0
ICICIBANK.BSE,2019-06-27,439.8,443.85,437.9,440.75,471026.0
ICICIBANK.BSE,2019-06-26,432.8,439.95,432.35,438.6,355800.0
ICICIBANK.BSE,2019-06-25,429.6,434.5,424.8,433.65,315695.0
ICICIBANK.BSE,2019-06-24,431.5,433.65,428.55,429.6,255608.0
ICICIBANK.BSE,2019-06-21,432.95,435.2,428.75,430.85,462361.0
ICICIBANK.BSE,2019-06-20,420.15,434.5,419.6,433.35,994795.0
ICICIBANK.BSE,2019-06-19,425.0,426.0,417.4,419.9,749194.0
ICICIBANK.BSE,2019-06-18,415.05,425.9,415.05,422.2,637260.0
ICICIBANK.BSE,2019-06-17,418.2,419.75,413.4,414.4,369526.0
ICICIBANK.BSE,2019-06-14,420.0,421.65,416.2,417.9,310682.0
ICICIBANK.BSE,2019-06-13,416.0,422.1,415.4,420.0,223823.0
ICICIBANK.BSE,2019-06-12,422.5,422.5,414.9,418.0,300730.0
ICICIBANK.BSE,2019-06-11,419.35,423.9,413.15,421.45,415098.0
ICICIBANK.BSE,2019-06-10,419.4,422.75,412.85,415.9,415237.0
ICICIBANK.BSE,2019-06-07,413.75,418.4,407.85,416.85,793212.0
ICICIBANK.BSE,2019-06-06,416.5,417.9,410.4,411.6,478826.0
ICICIBANK.BSE,2019-06-04,416.0,422.75,416.0,418.95,394255.0
ICICIBANK.BSE,2019-06-03,422.55,426.25,419.6,422.85,491149.0
ICICIBANK.BSE,2019-05-31,429.5,430.3,414.55,423.4,578483.0
ICICIBANK.BSE,2019-05-30,422.95,427.9,420.0,426.45,388339.0
ICICIBANK.BSE,2019-05-29,429.9,430.05,421.8,422.9,628947.0
